"","EventID","Gene","Event.Number","Event.Type","Genomic.Position","Path.1","Path.2","Path.Reference"
"1","1_1","RPL15",1,"Complex Alt 5' Splice Site","3:23958664-23959341","1-2,2-2","1-4","1-1,4-4,4-5"
"2","1_2","RPL15",2,"Alternative 5' Splice Site","3:23958730-23959341","2-3,3-3,3-4","2-4","1-2,2-2"
"3","5_1","TGFBR2",1,"Cassette Exon","3:30648469-30686239","1-2,2-2,2-3","1-3","1-1,3-3,3-4"
"4","8_1","CMTM7",1,"Cassette Exon","3:32483505-32493884","2-3,3-3,3-4","2-4","1-2,2-2,4-4,4-5"
"5","13_1","STAC",1,"Alternative Last Exon","3:36485132-36527626","2-3,3-3","2-5","1-1,1-2,2-2"
"6","13_2","STAC",2,"Alternative First Exon","3:36485132-36527626","4-4,4-5","2-5","5-5,5-6"
"7","29_1","RPL14",1,"Alternative 5' Splice Site","3:40498854-40499381","1-2,2-2,2-3","1-3","1-1,3-3,3-4"
"8","30_1","CTNNB1",1,"Alternative 3' Splice Site","3:41280845-41281310","15-16,16-16,16-17","15-17","14-15,15-15,17-17"
"9","38_1","TCAIM",1,"Alternative First Exon","3:44379626-44396231","2-2,2-3","1-1,1-3","3-3,3-4"
"10","53_1","CCRL2",1,"Alternative First Exon","3:46448723-46449559","1-1,1-3","2-2,2-3","3-3"
"11","56_1","DHX30",1,"Cassette Exon","3:47859607-47868837","4-5,5-5,5-6","4-6","3-4,4-4,6-6,6-7"
"12","65_1","DAG1",1,"Alternative 5' Splice Site","3:49507707-49547852","1-2,2-2,2-3","1-3","1-1,3-3"
"13","75_1","RBM6",1,"Alternative Last Exon","3:50000118-50085678","2-3,3-3","2-5","1-1,1-2,2-2"
"14","75_2","RBM6",2,"Alternative First Exon","3:50000118-50085678","4-4,4-5","2-5","5-5,5-6"
"15","77_1","RBM5",1,"Cassette Exon","3:50137484-50140516","5-6,6-6,6-7","5-7","4-5,5-5,7-7,7-8"
"16","79_1","GNAI2",1,"Alternative First Exon","3:50264134-50289532","1-1,1-3","2-2,2-3","3-3,3-4"
"17","80_1","CYB561D2",1,"Alternative 3' Splice Site","3:50388415-50388840","1-2,2-2,2-3","1-3","1-1,3-3,3-4"
"18","83_1","TEX264",1,"Cassette Exon","3:51705304-51718429","1-2,2-2,2-3","1-3","1-1,3-3,3-4"
"19","90_1","ALAS1",1,"Alternative First Exon","3:52232110-52233226","2-2,2-3","1-1,1-3","3-3,3-4"
"20","105_1","FLNB",1,"Cassette Exon","3:58116635-58118535","25-26,26-26,26-27","25-27","24-25,25-25,27-27,27-28"
"21","118_1","GLB1",1,"Alternative First Exon","3:33114205-33138694","15-17,17-17","15-16,16-16","1-1,14-15,15-15"
"22","120_1","UBP1",1,"Cassette Exon","3:33444396-33450728","8-9,9-9,9-10","8-10","7-8,8-8,10-10,10-11,11-11"
"23","134_1","GORASP1",1,"Multiple Exon Skipping","3:39142593-39148970","2-3,3-3,3-4,4-4,4-5","2-5","1-1,1-2,2-2,5-5"
"24","136_1","SEC22C",1,"Alternative Last Exon","3:42589658-42597422","1-1,1-3","2-2,2-3","3-3,3-4"
"25","139_1","ANO10",1,"Cassette Exon","3:43616356-43621845","7-8,8-8,8-9","7-9","6-7,7-7,9-9,9-10"
"26","158_1","SHISA5",1,"Alternative First Exon","3:48511242-48541640","3-5,5-5,5-6,6-6,6-7,7-7","3-4,4-4","1-1,2-3,3-3"
"27","194_1","HYAL2",1,"Alternative First Exon","3:50357966-50360084","3-4,4-4","3-6","1-1,3-3"
"28","194_2","HYAL2",2,"Alternative Last Exon","3:50357966-50360084","5-5,5-6","3-6","6-6"
"29","201_1","VPRBP",1,"Alternative 5' Splice Site","3:51497243-51500822","1-2,2-2,2-3","1-3","1-1,3-3,3-4"
"30","204_1","ABHD14B",1,"Cassette Exon","3:52004200-52007981","2-3,3-3,3-4","2-4","1-2,2-2,4-4"
"31","211_1","NT5DC2",1,"Alternative First Exon","3:52563350-52569063","13-15,15-15","13-14,14-14","1-1,12-13,13-13"
